<?xml version="1.0" encoding="utf-8"?>
<!--/13501076/908971/2.50/4/4/Resistor/-->
<quadcept_library>
  <setting unit="mil" />
  <textstyle name="Default" height="47.244094488189" strokewidth="7.8740157480315" charwidth="47.244094488189" />
  <textstyle name="Dimension" height="19.6850393700787" strokewidth="0" charwidth="19.6850393700787" />
  <textstyle name="H127W0635TH00762" height="50" strokewidth="3" charwidth="25" />
  <textstyle name="H15W15TH02" height="59.0551181102362" strokewidth="7.8740157480315" charwidth="59.0551181102362" />
  <padstyle name="r295_149.5" surface="True" plated="False" isvia="False" nopaste="False" nomask="True" complex="False" holesize="0">
    <padshape layer="TOP" shape="rectangle" width="58.858267716535" height="116.14173228346" />
    <padshape layer="TOP_SOLDER_MASK" shape="rectangle" width="66.732283464566" height="124.01574803149" />
    <padshape layer="TOP_SOLDER_PASTE" shape="rectangle" width="58.858267716535" height="116.14173228346" />
  </padstyle>
  <padstyle name="r149.5_70" surface="True" plated="False" isvia="False" nopaste="False" nomask="True" complex="False" holesize="0">
    <padshape layer="TOP" shape="rectangle" width="27.55905511811" height="58.858267716535" />
    <padshape layer="TOP_SOLDER_MASK" shape="rectangle" width="35.433070866141" height="66.732283464566" />
    <padshape layer="TOP_SOLDER_PASTE" shape="rectangle" width="27.55905511811" height="58.858267716535" />
  </padstyle>
  <footprint name="WSK12161L000FEA" originx="0" originy="0" pickpointx="0" pickpointy="0">
    <pcbpin number="1" name="1" style="r295_149.5" originx="-23.622047244094" originy="-41.456692913385" rotation="90" />
    <pcbpin number="2" name="2" style="r149.5_70" originx="67.913385826771" originy="-41.456692913385" rotation="0" />
    <pcbpin number="3" name="3" style="r149.5_70" originx="67.913385826771" originy="41.456692913385" rotation="0" />
    <pcbpin number="4" name="4" style="r295_149.5" originx="-23.622047244094" originy="41.456692913385" rotation="90" />
    <line layer="TOP_ASSEMBLY" originx="-74.999999999999" originy="61.023622047243" endx="74.999999999999" endy="61.023622047243" width="7.8740157480314" />
    <line layer="TOP_ASSEMBLY" originx="74.999999999999" originy="61.023622047243" endx="74.999999999999" endy="-61.023622047243" width="7.8740157480314" />
    <line layer="TOP_ASSEMBLY" originx="74.999999999999" originy="-61.023622047243" endx="-74.999999999999" endy="-61.023622047243" width="7.8740157480314" />
    <line layer="TOP_ASSEMBLY" originx="-74.999999999999" originy="-61.023622047243" endx="-74.999999999999" endy="61.023622047243" width="7.8740157480314" />
    <line layer="TOP_PLACE_BOUND" originx="-121.06299212598" originy="110.23622047244" endx="121.06299212598" endy="110.23622047244" width="3.9370078740157" />
    <line layer="TOP_PLACE_BOUND" originx="121.06299212598" originy="110.23622047244" endx="121.06299212598" endy="-110.23622047244" width="3.9370078740157" />
    <line layer="TOP_PLACE_BOUND" originx="121.06299212598" originy="-110.23622047244" endx="-121.06299212598" endy="-110.23622047244" width="3.9370078740157" />
    <line layer="TOP_PLACE_BOUND" originx="-121.06299212598" originy="-110.23622047244" endx="-121.06299212598" endy="110.23622047244" width="3.9370078740157" />
    <line layer="TOP_SILKSCREEN" originx="-74.999999999999" originy="3.9370078740157" endx="-74.999999999999" endy="-3.9370078740157" width="3.9370078740157" />
    <line layer="TOP_SILKSCREEN" originx="74.803149606298" originy="3.9370078740157" endx="74.803149606298" endy="-3.9370078740157" width="3.9370078740157" />
  </footprint>
  <symbol name="WSK1216L5000FEA" originx="0" originy="0">
    <line originx="200" originy="100" endx="600" endy="100" width="0" />
    <line originx="600" originy="-200" endx="600" endy="100" width="0" />
    <line originx="600" originy="-200" endx="200" endy="-200" width="0" />
    <line originx="200" originy="100" endx="200" endy="-200" width="0" />
    <sympin number="1" originx="200" originy="-100" rotation="180" length="100" width="7.8740157480315" flipped="False">
      <text name="pinname" originx="230" originy="-100" style="Default" rotation="0" justify="left" flipped="False" hidden="False" data="1" />
      <text name="pindes" originx="140" originy="-80" style="Default" rotation="0" justify="lowerright" flipped="False" hidden="False" data="1" />
    </sympin>
    <sympin number="2" originx="600" originy="-100" rotation="0" length="100" width="7.8740157480315" flipped="False">
      <text name="pinname" originx="570" originy="-100" style="Default" rotation="0" justify="right" flipped="False" hidden="False" data="2" />
      <text name="pindes" originx="660" originy="-80" style="Default" rotation="0" justify="lowerleft" flipped="False" hidden="False" data="2" />
    </sympin>
    <sympin number="3" originx="600" originy="0" rotation="0" length="100" width="7.8740157480315" flipped="False">
      <text name="pinname" originx="570" originy="0" style="Default" rotation="0" justify="right" flipped="False" hidden="False" data="3" />
      <text name="pindes" originx="660" originy="20" style="Default" rotation="0" justify="lowerleft" flipped="False" hidden="False" data="3" />
    </sympin>
    <sympin number="4" originx="200" originy="0" rotation="180" length="100" width="7.8740157480315" flipped="False">
      <text name="pinname" originx="230" originy="0" style="Default" rotation="0" justify="left" flipped="False" hidden="False" data="4" />
      <text name="pindes" originx="140" originy="20" style="Default" rotation="0" justify="lowerright" flipped="False" hidden="False" data="4" />
    </sympin>
  </symbol>
  <component name="WSK1216L5000FEA" designatorprefix="R" height="74.803149606298" footprint="WSK12161L000FEA">
    <comppin designator="1" sympin="1" pinswap="0" gateswap="0" gate="1" group="1" side="" type="Any" name="1" />
    <comppin designator="2" sympin="2" pinswap="0" gateswap="0" gate="1" group="1" side="" type="Any" name="2" />
    <comppin designator="3" sympin="3" pinswap="0" gateswap="0" gate="1" group="1" side="" type="Any" name="3" />
    <comppin designator="4" sympin="4" pinswap="0" gateswap="0" gate="1" group="1" side="" type="Any" name="4" />
    <attached_symbol gate="1" name="WSK1216L5000FEA" />
    <pinmap designator="1" footprintpin="1" />
    <pinmap designator="2" footprintpin="2" />
    <pinmap designator="3" footprintpin="3" />
    <pinmap designator="4" footprintpin="4" />
    <text name="Datasheet" originx="0" originy="0" style="Default" rotation="0" justify="" flipped="False" hidden="True" data="http://www.vishay.com/docs/30189/wsk1216.pdf" />
    <text name="Description" originx="0" originy="0" style="Default" rotation="0" justify="" flipped="False" hidden="True" data="Power Metal Strip Resistors, Low Value, High Power, Surface-Mount, 4-Terminal" />
    <text name="Mouser Part Number" originx="0" originy="0" style="Default" rotation="0" justify="" flipped="False" hidden="True" data="71-WSK1216L5000FEA" />
    <text name="Mouser Price/Stock" originx="0" originy="0" style="Default" rotation="0" justify="" flipped="False" hidden="True" data="https://www.mouser.co.uk/ProductDetail/Vishay-Dale/WSK1216L5000FEA?qs=OlC7AqGiEDlM2wGD42LFoQ%3D%3D" />
    <text name="Manufacturer_Name" originx="0" originy="0" style="Default" rotation="0" justify="" flipped="False" hidden="True" data="Vishay" />
    <text name="Manufacturer_Part_Number" originx="650" originy="200" style="Default" rotation="0" justify="left" flipped="False" hidden="False" data="WSK1216L5000FEA" />
  </component>
</quadcept_library>
