<?xml version="1.0" encoding="utf-8"?>
<!--/226838/908971/2.50/5/4/MOSFET (N-Channel)/-->
<quadcept_library>
  <setting unit="mil" />
  <textstyle name="Default" height="47.244094488189" strokewidth="7.8740157480315" charwidth="47.244094488189" />
  <textstyle name="Dimension" height="19.6850393700787" strokewidth="0" charwidth="19.6850393700787" />
  <textstyle name="H127W0635TH00762" height="50" strokewidth="3" charwidth="25" />
  <textstyle name="H15W15TH02" height="59.0551181102362" strokewidth="7.8740157480315" charwidth="59.0551181102362" />
  <padstyle name="r100_75" surface="True" plated="False" isvia="False" nopaste="False" nomask="True" complex="False" holesize="0">
    <padshape layer="TOP" shape="rectangle" width="29.527559055118" height="39.370078740157" />
    <padshape layer="TOP_SOLDER_MASK" shape="rectangle" width="37.401574803149" height="47.244094488188" />
    <padshape layer="TOP_SOLDER_PASTE" shape="rectangle" width="29.527559055118" height="39.370078740157" />
  </padstyle>
  <padstyle name="r75_47.5" surface="True" plated="False" isvia="False" nopaste="False" nomask="True" complex="False" holesize="0">
    <padshape layer="TOP" shape="rectangle" width="18.700787401575" height="29.527559055118" />
    <padshape layer="TOP_SOLDER_MASK" shape="rectangle" width="26.574803149606" height="37.401574803149" />
    <padshape layer="TOP_SOLDER_PASTE" shape="rectangle" width="18.700787401575" height="29.527559055118" />
  </padstyle>
  <padstyle name="r456_273" surface="True" plated="False" isvia="False" nopaste="False" nomask="True" complex="False" holesize="0">
    <padshape layer="TOP" shape="rectangle" width="107.48031496063" height="179.52755905512" />
    <padshape layer="TOP_SOLDER_MASK" shape="rectangle" width="115.35433070866" height="187.40157480315" />
    <padshape layer="TOP_SOLDER_PASTE" shape="rectangle" width="107.48031496063" height="179.52755905512" />
  </padstyle>
  <padstyle name="r555_91" surface="True" plated="False" isvia="False" nopaste="False" nomask="True" complex="False" holesize="0">
    <padshape layer="TOP" shape="rectangle" width="35.826771653543" height="218.50393700787" />
    <padshape layer="TOP_SOLDER_MASK" shape="rectangle" width="43.700787401574" height="226.3779527559" />
    <padshape layer="TOP_SOLDER_PASTE" shape="rectangle" width="35.826771653543" height="218.50393700787" />
  </padstyle>
  <padstyle name="r456_43" surface="True" plated="False" isvia="False" nopaste="False" nomask="True" complex="False" holesize="0">
    <padshape layer="TOP" shape="rectangle" width="16.929133858268" height="179.52755905512" />
    <padshape layer="TOP_SOLDER_MASK" shape="rectangle" width="24.803149606299" height="187.40157480315" />
    <padshape layer="TOP_SOLDER_PASTE" shape="rectangle" width="16.929133858268" height="179.52755905512" />
  </padstyle>
  <footprint name="NRVTS10100EMFST1G" originx="0" originy="0" pickpointx="0" pickpointy="0">
    <pcbpin number="1" name="1" style="r100_75" originx="0" originy="0.8267716535433" rotation="0" />
    <pcbpin number="2" name="2" style="r100_75" originx="49.999999999999" originy="0.8267716535433" rotation="0" />
    <pcbpin number="3" name="3" style="r100_75" originx="99.999999999999" originy="0.8267716535433" rotation="0" />
    <pcbpin number="4" name="4" style="r100_75" originx="150" originy="0.8267716535433" rotation="0" />
    <pcbpin number="5" name="5" style="r75_47.5" originx="150" originy="227.51968503937" rotation="90" />
    <pcbpin number="6" name="6" style="r75_47.5" originx="0" originy="227.51968503937" rotation="90" />
    <pcbpin number="7" name="7" style="r456_273" originx="74.999999999999" originy="164.52755905512" rotation="90" />
    <pcbpin number="8" name="8" style="r555_91" originx="74.999999999999" originy="93.070866141731" rotation="90" />
    <pcbpin number="9" name="9" style="r456_43" originx="74.999999999999" originy="66.889763779527" rotation="90" />
    <line layer="TOP_ASSEMBLY" originx="-21.456692913386" originy="230.31496062992" endx="171.45669291338" endy="230.31496062992" width="7.8740157480314" />
    <line layer="TOP_ASSEMBLY" originx="171.45669291338" originy="230.31496062992" endx="171.45669291338" endy="-1.9685039370079" width="7.8740157480314" />
    <line layer="TOP_ASSEMBLY" originx="171.45669291338" originy="-1.9685039370079" endx="-21.456692913386" endy="-1.9685039370079" width="7.8740157480314" />
    <line layer="TOP_ASSEMBLY" originx="-21.456692913386" originy="-1.9685039370079" endx="-21.456692913386" endy="230.31496062992" width="7.8740157480314" />
    <line layer="TOP_PLACE_BOUND" originx="-73.622047244094" originy="276.25984251968" endx="223.62204724409" endy="276.25984251968" width="3.9370078740157" />
    <line layer="TOP_PLACE_BOUND" originx="223.62204724409" originy="276.25984251968" endx="223.62204724409" endy="-78.740157480314" width="3.9370078740157" />
    <line layer="TOP_PLACE_BOUND" originx="223.62204724409" originy="-78.740157480314" endx="-73.622047244094" endy="-78.740157480314" width="3.9370078740157" />
    <line layer="TOP_PLACE_BOUND" originx="-73.622047244094" originy="-78.740157480314" endx="-73.622047244094" endy="276.25984251968" width="3.9370078740157" />
    <line layer="TOP_SILKSCREEN" originx="-21.456692913386" originy="212.59842519685" endx="-21.456692913386" endy="133.85826771653" width="3.9370078740157" />
    <line layer="TOP_SILKSCREEN" originx="171.45669291338" originy="212.59842519685" endx="171.45669291338" endy="133.85826771653" width="3.9370078740157" />
    <line layer="TOP_SILKSCREEN" originx="35.629921259842" originy="230.31496062992" endx="114.37007874016" endy="230.31496062992" width="3.9370078740157" />
    <line layer="TOP_SILKSCREEN" originx="-21.456692913386" originy="55.11811023622" endx="-21.456692913386" endy="35.433070866141" width="3.9370078740157" />
    <line layer="TOP_SILKSCREEN" originx="171.45669291338" originy="55.11811023622" endx="171.45669291338" endy="35.433070866141" width="3.9370078740157" />
    <line layer="TOP_SILKSCREEN" originx="-3.7401574803149" originy="-35.433070866141" endx="-3.7401574803149" endy="-35.433070866141" width="7.8740157480314" />
    <arc layer="TOP_SILKSCREEN" originx="0.19685039370078" originy="-35.433070866141" startangle="180.0" sweepangle="180.0" radius="3.9370078740157" width="7.8740157480314" />
    <line layer="TOP_SILKSCREEN" originx="4.1338582677165" originy="-35.433070866141" endx="4.1338582677165" endy="-35.433070866141" width="7.8740157480314" />
    <arc layer="TOP_SILKSCREEN" originx="0.19685039370078" originy="-35.433070866141" startangle=".0" sweepangle="180.0" radius="3.9370078740157" width="7.8740157480314" />
  </footprint>
  <symbol name="NTMFS4935NT1G" originx="0" originy="0">
    <line originx="200" originy="100" endx="700" endy="100" width="0" />
    <line originx="700" originy="-300" endx="700" endy="100" width="0" />
    <line originx="700" originy="-300" endx="200" endy="-300" width="0" />
    <line originx="200" originy="100" endx="200" endy="-300" width="0" />
    <sympin number="1" originx="200" originy="0" rotation="180" length="100" width="7.8740157480315" flipped="False">
      <text name="pinname" originx="230" originy="0" style="Default" rotation="0" justify="left" flipped="False" hidden="False" data="S_1" />
      <text name="pindes" originx="140" originy="20" style="Default" rotation="0" justify="lowerright" flipped="False" hidden="False" data="1" />
    </sympin>
    <sympin number="2" originx="200" originy="-100" rotation="180" length="100" width="7.8740157480315" flipped="False">
      <text name="pinname" originx="230" originy="-100" style="Default" rotation="0" justify="left" flipped="False" hidden="False" data="S_2" />
      <text name="pindes" originx="140" originy="-80" style="Default" rotation="0" justify="lowerright" flipped="False" hidden="False" data="2" />
    </sympin>
    <sympin number="3" originx="200" originy="-200" rotation="180" length="100" width="7.8740157480315" flipped="False">
      <text name="pinname" originx="230" originy="-200" style="Default" rotation="0" justify="left" flipped="False" hidden="False" data="S_3" />
      <text name="pindes" originx="140" originy="-180" style="Default" rotation="0" justify="lowerright" flipped="False" hidden="False" data="3" />
    </sympin>
    <sympin number="4" originx="700" originy="0" rotation="0" length="100" width="7.8740157480315" flipped="False">
      <text name="pinname" originx="670" originy="0" style="Default" rotation="0" justify="right" flipped="False" hidden="False" data="G" />
      <text name="pindes" originx="760" originy="20" style="Default" rotation="0" justify="lowerleft" flipped="False" hidden="False" data="4" />
    </sympin>
    <sympin number="5" originx="700" originy="-100" rotation="0" length="100" width="7.8740157480315" flipped="False">
      <text name="pinname" originx="670" originy="-100" style="Default" rotation="0" justify="right" flipped="False" hidden="False" data="D" />
      <text name="pindes" originx="760" originy="-80" style="Default" rotation="0" justify="lowerleft" flipped="False" hidden="False" data="5" />
    </sympin>
  </symbol>
  <component name="NTMFS4935NT1G" designatorprefix="Q" height="0" footprint="NRVTS10100EMFST1G">
    <comppin designator="1" sympin="1" pinswap="0" gateswap="0" gate="1" group="1" side="" type="Any" name="S_1" />
    <comppin designator="2" sympin="2" pinswap="0" gateswap="0" gate="1" group="1" side="" type="Any" name="S_2" />
    <comppin designator="3" sympin="3" pinswap="0" gateswap="0" gate="1" group="1" side="" type="Any" name="S_3" />
    <comppin designator="4" sympin="4" pinswap="0" gateswap="0" gate="1" group="1" side="" type="Any" name="G" />
    <comppin designator="5" sympin="5" pinswap="0" gateswap="0" gate="1" group="1" side="" type="Any" name="D" />
    <attached_symbol gate="1" name="NTMFS4935NT1G" />
    <pinmap designator="1" footprintpin="1" />
    <pinmap designator="2" footprintpin="2" />
    <pinmap designator="3" footprintpin="3" />
    <pinmap designator="4" footprintpin="4" />
    <pinmap designator="5" footprintpin="5" />
    <text name="Datasheet" originx="0" originy="0" style="Default" rotation="0" justify="" flipped="False" hidden="True" data="https://www.onsemi.com/pub/Collateral/NTMFS4935N-D.PDF" />
    <text name="Description" originx="0" originy="0" style="Default" rotation="0" justify="" flipped="False" hidden="True" data="Power MOSFET 30 V 93 A Single N???Channel SO???8 FL" />
    <text name="Manufacturer_Name" originx="0" originy="0" style="Default" rotation="0" justify="" flipped="False" hidden="True" data="onsemi" />
    <text name="Manufacturer_Part_Number" originx="750" originy="200" style="Default" rotation="0" justify="left" flipped="False" hidden="False" data="NTMFS4935NT1G" />
    <text name="Mouser Part Number" originx="0" originy="0" style="Default" rotation="0" justify="" flipped="False" hidden="True" data="863-NTMFS4935NT1G" />
    <text name="Mouser Price/Stock" originx="0" originy="0" style="Default" rotation="0" justify="" flipped="False" hidden="True" data="https://www.mouser.co.uk/ProductDetail/onsemi/NTMFS4935NT1G?qs=PJJcWtbOkNUizxCQ16NP4Q%3D%3D" />
    <text name="Arrow Part Number" originx="0" originy="0" style="Default" rotation="0" justify="" flipped="False" hidden="True" data="NTMFS4935NT1G" />
    <text name="Arrow Price/Stock" originx="0" originy="0" style="Default" rotation="0" justify="" flipped="False" hidden="True" data="https://www.arrow.com/en/products/ntmfs4935nt1g/on-semiconductor" />
  </component>
</quadcept_library>
