<?xml version="1.0" encoding="utf-8"?>
<!--/15102069/908971/2.50/4/2/Integrated Circuit/-->
<quadcept_library>
  <setting unit="mil" />
  <textstyle name="Default" height="47.244094488189" strokewidth="7.8740157480315" charwidth="47.244094488189" />
  <textstyle name="Dimension" height="19.6850393700787" strokewidth="0" charwidth="19.6850393700787" />
  <textstyle name="H127W0635TH00762" height="50" strokewidth="3" charwidth="25" />
  <textstyle name="H15W15TH02" height="59.0551181102362" strokewidth="7.8740157480315" charwidth="59.0551181102362" />
  <padstyle name="c17.7" surface="True" plated="False" isvia="False" nopaste="False" nomask="True" complex="False" holesize="0">
    <padshape layer="TOP" shape="round" width="6.9685039370078" height="6.9685039370078" />
    <padshape layer="TOP_SOLDER_MASK" shape="round" width="14.842519685039" height="14.842519685039" />
    <padshape layer="TOP_SOLDER_PASTE" shape="round" width="6.9685039370078" height="6.9685039370078" />
  </padstyle>
  <footprint name="BGA4C50P2X2_70X98X33" originx="0" originy="0" pickpointx="0" pickpointy="0">
    <pcbpin number="1" name="A1" style="c17.7" originx="-7.8740157480314" originy="9.8425196850392" rotation="90" />
    <pcbpin number="2" name="A2" style="c17.7" originx="7.8740157480314" originy="9.8425196850392" rotation="90" />
    <pcbpin number="3" name="B1" style="c17.7" originx="-7.8740157480314" originy="-9.8425196850392" rotation="90" />
    <pcbpin number="4" name="B2" style="c17.7" originx="7.8740157480314" originy="-9.8425196850392" rotation="90" />
    <line layer="TOP_PLACE_BOUND" originx="-34.015748031496" originy="39.370078740157" endx="33.976377952755" endy="39.370078740157" width="1.9685039370079" />
    <line layer="TOP_PLACE_BOUND" originx="33.976377952755" originy="39.370078740157" endx="33.976377952755" endy="-39.409448818897" width="1.9685039370079" />
    <line layer="TOP_PLACE_BOUND" originx="33.976377952755" originy="-39.409448818897" endx="-34.015748031496" endy="-39.409448818897" width="1.9685039370079" />
    <line layer="TOP_PLACE_BOUND" originx="-34.015748031496" originy="-39.409448818897" endx="-34.015748031496" endy="39.370078740157" width="1.9685039370079" />
    <line layer="TOP_ASSEMBLY" originx="-13.858267716535" originy="19.212598425197" endx="13.818897637795" endy="19.212598425197" width="3.9370078740157" />
    <line layer="TOP_ASSEMBLY" originx="13.818897637795" originy="19.212598425197" endx="13.818897637795" endy="-19.251968503937" width="3.9370078740157" />
    <line layer="TOP_ASSEMBLY" originx="13.818897637795" originy="-19.251968503937" endx="-13.858267716535" endy="-19.251968503937" width="3.9370078740157" />
    <line layer="TOP_ASSEMBLY" originx="-13.858267716535" originy="-19.251968503937" endx="-13.858267716535" endy="19.212598425197" width="3.9370078740157" />
    <line layer="TOP_ASSEMBLY" originx="-13.858267716535" originy="9.3700787401574" endx="-4.015748031496" endy="19.212598425197" width="3.9370078740157" />
    <line layer="TOP_SILKSCREEN" originx="-7.8740157480314" originy="27.125984251968" endx="25.15748031496" endy="27.125984251968" width="7.8740157480314" />
    <line layer="TOP_SILKSCREEN" originx="25.15748031496" originy="27.125984251968" endx="25.15748031496" endy="-27.086614173228" width="7.8740157480314" />
    <line layer="TOP_SILKSCREEN" originx="25.15748031496" originy="-27.086614173228" endx="-25.11811023622" endy="-27.086614173228" width="7.8740157480314" />
    <line layer="TOP_SILKSCREEN" originx="-25.11811023622" originy="-27.086614173228" endx="-25.11811023622" endy="9.8818897637794" width="7.8740157480314" />
    <line layer="TOP_SILKSCREEN" originx="-25.11811023622" originy="9.8818897637794" endx="-7.8346456692912" endy="27.165354330708" width="7.8740157480314" />
    <arc layer="TOP_SILKSCREEN" originx="-25.15748031496" originy="27.125984251968" startangle="180" sweepangle="180" radius="3.9370078740157" width="7.8740157480314" />
    <arc layer="TOP_SILKSCREEN" originx="-25.15748031496" originy="27.125984251968" startangle="180" sweepangle="-180" radius="3.9370078740157" width="7.8740157480314" />
  </footprint>
  <symbol name="M24256X-FCU6T_VF" originx="0" originy="0">
    <line originx="200" originy="100" endx="800" endy="100" width="0" />
    <line originx="800" originy="-200" endx="800" endy="100" width="0" />
    <line originx="800" originy="-200" endx="200" endy="-200" width="0" />
    <line originx="200" originy="100" endx="200" endy="-200" width="0" />
    <sympin number="1" originx="200" originy="0" rotation="180" length="100" width="7.8740157480315" flipped="False">
      <text name="pinname" originx="230" originy="0" style="Default" rotation="0" justify="left" flipped="False" hidden="False" data="VCC" />
      <text name="pindes" originx="140" originy="20" style="Default" rotation="0" justify="lowerright" flipped="False" hidden="False" data="A1" />
    </sympin>
    <sympin number="2" originx="200" originy="-100" rotation="180" length="100" width="7.8740157480315" flipped="False">
      <text name="pinname" originx="230" originy="-100" style="Default" rotation="0" justify="left" flipped="False" hidden="False" data="SCL" />
      <text name="pindes" originx="140" originy="-80" style="Default" rotation="0" justify="lowerright" flipped="False" hidden="False" data="A2" />
    </sympin>
    <sympin number="3" originx="800" originy="0" rotation="0" length="100" width="7.8740157480315" flipped="False">
      <text name="pinname" originx="770" originy="0" style="Default" rotation="0" justify="right" flipped="False" hidden="False" data="SDA" />
      <text name="pindes" originx="860" originy="20" style="Default" rotation="0" justify="lowerleft" flipped="False" hidden="False" data="B1" />
    </sympin>
    <sympin number="4" originx="800" originy="-100" rotation="0" length="100" width="7.8740157480315" flipped="False">
      <text name="pinname" originx="770" originy="-100" style="Default" rotation="0" justify="right" flipped="False" hidden="False" data="VSS" />
      <text name="pindes" originx="860" originy="-80" style="Default" rotation="0" justify="lowerleft" flipped="False" hidden="False" data="B2" />
    </sympin>
  </symbol>
  <component name="M24256X-FCU6T_VF" designatorprefix="IC" height="12.913385826771" footprint="BGA4C50P2X2_70X98X33">
    <comppin designator="A1" sympin="1" pinswap="0" gateswap="0" gate="1" group="1" side="" type="Any" name="VCC" />
    <comppin designator="A2" sympin="2" pinswap="0" gateswap="0" gate="1" group="1" side="" type="Any" name="SCL" />
    <comppin designator="B1" sympin="3" pinswap="0" gateswap="0" gate="1" group="1" side="" type="Any" name="SDA" />
    <comppin designator="B2" sympin="4" pinswap="0" gateswap="0" gate="1" group="1" side="" type="Any" name="VSS" />
    <attached_symbol gate="1" name="M24256X-FCU6T_VF" />
    <pinmap designator="A1" footprintpin="1" />
    <pinmap designator="A2" footprintpin="2" />
    <pinmap designator="B1" footprintpin="3" />
    <pinmap designator="B2" footprintpin="4" />
    <text name="Datasheet" originx="0" originy="0" style="Default" rotation="0" justify="" flipped="False" hidden="True" data="https://www.st.com/resource/en/datasheet/m24256x-f.pdf" />
    <text name="Description" originx="0" originy="0" style="Default" rotation="0" justify="" flipped="False" hidden="True" data="256-Kbit serial I2C bus EEPROM" />
    <text name="Mouser Part Number" originx="0" originy="0" style="Default" rotation="0" justify="" flipped="False" hidden="True" data="511-M24256X-FCU6T/VF" />
    <text name="Mouser Price/Stock" originx="0" originy="0" style="Default" rotation="0" justify="" flipped="False" hidden="True" data="https://www.mouser.co.uk/ProductDetail/STMicroelectronics/M24256X-FCU6T-VF?qs=Wj%2FVkw3K%252BMB8rPOzTsJFzg%3D%3D" />
    <text name="Manufacturer_Name" originx="0" originy="0" style="Default" rotation="0" justify="" flipped="False" hidden="True" data="STMicroelectronics" />
    <text name="Manufacturer_Part_Number" originx="850" originy="200" style="Default" rotation="0" justify="left" flipped="False" hidden="False" data="M24256X-FCU6T/VF" />
  </component>
</quadcept_library>
